file,stratifier,group,n_years,ols_apc,ols_lo,ols_hi,ols_p,dw_p,wls_apc,wls_lo,wls_hi,jp_aapc,jp_lo,jp_hi,jp_p,jp_n_joinpoints,jp_start,jp_end,diff_pp,ci_overlap,jp_inside_ols_ci,same_inference,agreement
AGE,Age group,35-54 yrs,26,1.6895380135836913,1.0329705134260347,2.3503722484525147,1.768855170695478e-5,0.250647021142756,1.6740210422163448,0.9958721129518677,2.3567234840218942,1.4854,0.8224,2.1528,1.03e-4,0,1999,2024,0.2041380135836912,TRUE,TRUE,TRUE,Agree
AGE,Age group,55-74 yrs,26,2.160996565065365,1.758323565796971,2.5652630019873834,5.400545229460179e-11,0.00927860968876877,2.3327029134946775,1.9188052766271557,2.7482814104678788,2.2276,1.6357,2.823,1e-6,1,1999,2024,-0.06660343493463472,TRUE,TRUE,TRUE,Agree
AGE,Age group,75+ yrs,26,0.8503649932561919,0.544024353142003,1.1576390014983229,6.4039520233435465e-6,8.100266902539056e-8,0.9179672476686385,0.6213695381976914,1.2154392267074376,0.5942,-0.0895,1.2825,0.088647,3,1999,2024,0.2561649932561919,TRUE,TRUE,FALSE,"Partial (CIs overlap, estimates differ)"
CENSUS_REGION,Census region,Census Region 1: Northeast,26,0.893679497518507,0.5184898581102271,1.2702695485895532,4.9793550378334266e-5,0.10623044149516728,0.9322923782827175,0.561925134507657,1.3040236760481605,2.7888,-0.1987,5.8658,0.067581,1,1999,2024,-1.8951205024814932,TRUE,FALSE,FALSE,"Partial (CIs overlap, estimates differ)"
CENSUS_REGION,Census region,Census Region 2: Midwest,26,1.4981851349452624,0.9861446965307108,2.012821824670885,2.880236536572806e-6,0.0010349147945618443,1.5650397523162995,1.0476849315629533,2.0850433820031267,1.1589,0.251,2.075,0.012243,1,1999,2024,0.33928513494526236,TRUE,TRUE,TRUE,Agree
CENSUS_REGION,Census region,Census Region 3: South,26,1.9948898450510288,1.7064540068534528,2.284143676890893,2.64982493487712e-13,0.07749668340760996,2.086930873118198,1.7970430021582828,2.3776442589973357,1.7846,1.4481,2.1223,1e-6,0,1999,2024,0.21028984505102888,TRUE,TRUE,TRUE,Agree
CENSUS_REGION,Census region,Census Region 4: West,26,1.2021638073966834,0.6880094217672772,1.718943676773188,6.20318252480027e-5,0.26837841628536824,1.2903187080311573,0.7828901891234974,1.8003020624006716,1.031,0.3978,1.6681,0.002555,0,1999,2024,0.17116380739668347,TRUE,TRUE,TRUE,Agree
OVERALL,Overall,Overall,26,1.341573992615408,1.066650733451846,1.6172451028048096,3.854903196390015e-10,9.519124694272289e-6,1.4187737810291257,1.141437173037918,1.6968708646105668,1.4113,1.0423,1.7815,1e-6,1,1999,2024,-0.069726007384592,TRUE,TRUE,TRUE,Agree
RACE,Race/ethnicity,Black or African American,26,0.6494247102795558,-0.26971827538153637,1.5770387822895637,0.15827076946522065,0.09802828889723114,0.6775996729259326,-0.17085613749799888,1.5332665765676268,0.6434,-0.2137,1.5079,0.134808,0,1999,2024,0.006024710279555867,TRUE,TRUE,TRUE,Agree
RACE,Race/ethnicity,Hispanic or Latino,26,0.09763940189424503,-0.6449476288879818,0.8457765832236896,0.7890907265628484,0.4636970937038482,0.2271988157440008,-0.4537769235721356,0.912832973463229,0.2294,-0.4445,0.9079,0.489978,0,1999,2024,-0.13176059810575497,TRUE,TRUE,TRUE,Agree
RACE,Race/ethnicity,White,26,1.6661768688732925,1.373434823776143,1.959764282435228,1.6866218040446405e-11,2.3911028465165295e-4,1.7667636970879697,1.4712689709894589,2.063118934088126,1.545,0.9093,2.1847,2e-6,2,1999,2024,0.1211768688732926,TRUE,TRUE,TRUE,Agree
URBANIZATION,Urbanization,Metro,22,0.8174047326554357,0.521466326301212,1.1142143911267777,1.186350624822795e-5,9.767717692376747e-5,0.894678268619109,0.5891519773531195,1.2011325557258035,1.0798,0.6478,1.5137,1e-6,1,1999,2020,-0.2623952673445644,TRUE,TRUE,TRUE,Agree
URBANIZATION,Urbanization,Non Metro,22,2.2025839487086696,1.5680078199127312,2.8411247793027394,4.686169887245015e-7,0.26003752789993445,2.2684576005673307,1.6461533958381125,2.894571713593974,2.251,1.6195,2.8865,1e-6,0,1999,2020,-0.04841605129133031,TRUE,TRUE,TRUE,Agree
