order,section,what_to_write,read_from_objects
1,Principal findings,"One paragraph: overall level and direction of AAMR, breakpoint (if supported by Davies test / AIC), largest disparities, place-of-death shift, projection range.",jp_overall_aapc; segmented_summary; model_compare; rr_all; pod_shift; projection_summary
2,Comparison with prior literature,"Compare with SEER/NCI incidence and survival trends and with other CDC WONDER cancer-mortality analyses; discuss HPV-associated (younger) vs HPV-independent (older, lichen sclerosus/differentiated VIN) pathways.",aapc_compare_primary; age_clean; descr_by_stratum
3,Temporal trend and inflection,Report CDC Joinpoint AAPC beside own log-linear APC; state whether they agree; interpret breakpoint with its CI; note autocorrelation caveat.,aapc_compare_primary; segmented_summary; hinge_sensitivity; ols (dw_p column)
4,COVID-era effect,Report ITS level shift/slope change (Newey-West CI) and counterfactual; explain that the naive pre/post t-test is confounded by the pre-existing trend; discuss diagnosis delays and death-certificate coding.,its_table; covid_counterfactual; covid_tests
5,Demographic disparities,Rate ratios by race (White reference) and age pattern; state that Hispanic ethnicity overlaps race categories; AI/AN and Asian/PI limited by suppression/unreliable rates.,rr_race_table; race_footnotes; scope_checks$race_coverage; age_clean
6,Geographic variation,Region and metro/non-metro rate ratios; state counts are population-driven (map shows counts); urbanization ends 2020.,rr_region_table; rr_urban_table; states_clean; scope_checks$urban_year_range
7,Place of death,Shift in shares between 1999-2020 and 2021-2024 (Holm-adjusted); implications for palliative and hospice capacity.,pod_shift; pod_chisq
8,Projection,Present as an illustrative scenario with intervals; explain method divergence; cross-validated accuracy.,projection_tbl; forecast_accuracy; projection_caveat
9,Limitations,"Use the auto-populated table below (small-number suppression, ecological design, urbanization gap, COVID-era effects, race exclusions, SE anomaly, reconciliation, projection).",limitations_table
10,Conclusions and recommendations,Three actionable recommendations tied to results (see findings_to_recs).,findings_to_recs
