cohort,joinpoint_no,joinpoint_year,ci_lower,ci_upper,file,group,n_joinpoints
All - 1 Joinpoint,1,2014,2011,2017,OVERALL,Overall,1
White - 2 Joinpoints,1,2015,2012,2017,RACE,White,2
White - 2 Joinpoints,2,2021,2017,2022,RACE,White,2
55-74 yrs - 1 Joinpoint,1,2013,2005,2017,AGE,55-74 yrs,1
75+ yrs - 3 Joinpoints,1,2004,2001,2016,AGE,75+ yrs,3
75+ yrs - 3 Joinpoints,2,2015,2004,2019,AGE,75+ yrs,3
75+ yrs - 3 Joinpoints,3,2021,2010,2022,AGE,75+ yrs,3
Census Region 1: Northeast - 1 Joinpoint,1,2018,2014,2019,CENSUS_REGION,Census Region 1: Northeast,1
Census Region 2: Midwest - 1 Joinpoint,1,2006,2003,2011,CENSUS_REGION,Census Region 2: Midwest,1
Metro - 1 Joinpoint,1,2015,2013,2017,URBANIZATION,Metro,1
