file,stratifier,group,method,n_years,year_start,year_end,apc,apc_lo,apc_hi,p_value,dw_p
AGE,Age group,35-54 yrs,OLS log-linear,26,1999,2024,1.6895380135836913,1.0329705134260347,2.3503722484525147,1.768855170695478e-5,0.250647021142756
AGE,Age group,35-54 yrs,WLS log-linear,26,1999,2024,1.6740210422163448,0.9958721129518677,2.3567234840218942,3.067701864563843e-5,NA
AGE,Age group,55-74 yrs,OLS log-linear,26,1999,2024,2.160996565065365,1.758323565796971,2.5652630019873834,5.400545229460179e-11,0.00927860968876877
AGE,Age group,55-74 yrs,WLS log-linear,26,1999,2024,2.3327029134946775,1.9188052766271557,2.7482814104678788,1.9545948384058805e-11,NA
AGE,Age group,75+ yrs,OLS log-linear,26,1999,2024,0.8503649932561919,0.544024353142003,1.1576390014983229,6.4039520233435465e-6,8.100266902539056e-8
AGE,Age group,75+ yrs,WLS log-linear,26,1999,2024,0.9179672476686385,0.6213695381976914,1.2154392267074376,1.2618269822950607e-6,NA
CENSUS_REGION,Census region,Census Region 1: Northeast,OLS log-linear,26,1999,2024,0.893679497518507,0.5184898581102271,1.2702695485895532,4.9793550378334266e-5,0.10623044149516728
CENSUS_REGION,Census region,Census Region 1: Northeast,WLS log-linear,26,1999,2024,0.9322923782827175,0.561925134507657,1.3040236760481605,2.4450607860642295e-5,NA
CENSUS_REGION,Census region,Census Region 2: Midwest,OLS log-linear,26,1999,2024,1.4981851349452624,0.9861446965307108,2.012821824670885,2.880236536572806e-6,0.0010349147945618443
CENSUS_REGION,Census region,Census Region 2: Midwest,WLS log-linear,26,1999,2024,1.5650397523162995,1.0476849315629533,2.0850433820031267,1.7352602091968438e-6,NA
CENSUS_REGION,Census region,Census Region 3: South,OLS log-linear,26,1999,2024,1.9948898450510288,1.7064540068534528,2.284143676890893,2.64982493487712e-13,0.07749668340760996
CENSUS_REGION,Census region,Census Region 3: South,WLS log-linear,26,1999,2024,2.086930873118198,1.7970430021582828,2.3776442589973357,1.1001837699771531e-13,NA
CENSUS_REGION,Census region,Census Region 4: West,OLS log-linear,26,1999,2024,1.2021638073966834,0.6880094217672772,1.718943676773188,6.20318252480027e-5,0.26837841628536824
CENSUS_REGION,Census region,Census Region 4: West,WLS log-linear,26,1999,2024,1.2903187080311573,0.7828901891234974,1.8003020624006716,2.1078556138978887e-5,NA
OVERALL,Overall,Overall,OLS log-linear,26,1999,2024,1.341573992615408,1.066650733451846,1.6172451028048096,3.854903196390015e-10,9.519124694272289e-6
OVERALL,Overall,Overall,WLS log-linear,26,1999,2024,1.4187737810291257,1.141437173037918,1.6968708646105668,1.5038001721064938e-10,NA
RACE,Race/ethnicity,Black or African American,OLS log-linear,26,1999,2024,0.6494247102795558,-0.26971827538153637,1.5770387822895637,0.15827076946522065,0.09802828889723114
RACE,Race/ethnicity,Black or African American,WLS log-linear,26,1999,2024,0.6775996729259326,-0.17085613749799888,1.5332665765676268,0.11261632688871161,NA
RACE,Race/ethnicity,Hispanic or Latino,OLS log-linear,26,1999,2024,0.09763940189424503,-0.6449476288879818,0.8457765832236896,0.7890907265628484,0.4636970937038482
RACE,Race/ethnicity,Hispanic or Latino,WLS log-linear,26,1999,2024,0.2271988157440008,-0.4537769235721356,0.912832973463229,0.4986491198440207,NA
RACE,Race/ethnicity,White,OLS log-linear,26,1999,2024,1.6661768688732925,1.373434823776143,1.959764282435228,1.6866218040446405e-11,2.3911028465165295e-4
RACE,Race/ethnicity,White,WLS log-linear,26,1999,2024,1.7667636970879697,1.4712689709894589,2.063118934088126,6.006009738228782e-12,NA
URBANIZATION,Urbanization,Metro,OLS log-linear,22,1999,2020,0.8174047326554357,0.521466326301212,1.1142143911267777,1.186350624822795e-5,9.767717692376747e-5
URBANIZATION,Urbanization,Metro,WLS log-linear,22,1999,2020,0.894678268619109,0.5891519773531195,1.2011325557258035,5.495182742755013e-6,NA
URBANIZATION,Urbanization,Non Metro,OLS log-linear,22,1999,2020,2.2025839487086696,1.5680078199127312,2.8411247793027394,4.686169887245015e-7,0.26003752789993445
URBANIZATION,Urbanization,Non Metro,WLS log-linear,22,1999,2020,2.2684576005673307,1.6461533958381125,2.894571713593974,2.238146402278318e-7,NA
