file,stratifier,group,year,deaths,rate,ci_lower,ci_upper,se,se_reported,se_source,se_suspect,se_log,se_ci,se_pois,se_ratio_ci,se_ratio_pois,se_z,se_robust_z,deaths_suppressed,rate_suppressed,rate_unreliable
OVERALL,Overall,Overall,1999,926,1.11,1.04,1.18,0.04,0.04,reported,FALSE,0.03221837909279988,0.03571494198472576,0.03647686328449301,1.1199794197371744,1.0965855174560675,1.2403473458920846,NA,FALSE,FALSE,FALSE
OVERALL,Overall,Overall,2000,922,1.07,1,1.14,0.04,0.04,reported,FALSE,0.03342619135860104,0.03571494198472576,0.03523857332372496,1.1199794197371744,1.1351197346309514,1.2403473458920846,NA,FALSE,FALSE,FALSE
OVERALL,Overall,Overall,2001,944,1.07,1,1.14,0.04,0.04,reported,FALSE,0.03342619135860104,0.03571494198472576,0.03482553368737039,1.1199794197371744,1.1485825417373619,1.2403473458920846,NA,FALSE,FALSE,FALSE
OVERALL,Overall,Overall,2002,967,1.11,1.04,1.18,0.04,0.04,reported,FALSE,0.03221837909279988,0.03571494198472576,0.0356951935968304,1.1199794197371744,1.1205990490426099,1.2403473458920846,NA,FALSE,FALSE,FALSE
OVERALL,Overall,Overall,2003,932,1.06,0.99,1.13,0.04,0.04,reported,FALSE,0.03374244874422781,0.03571494198472576,0.03472145445026218,1.1199794197371744,1.152025473394245,1.2403473458920846,NA,FALSE,FALSE,FALSE
OVERALL,Overall,Overall,2004,946,1.06,0.99,1.13,0.03,0.03,reported,FALSE,0.03374244874422781,0.03571494198472576,0.034463572704404824,0.8399845648028806,0.8704843301450772,-0.7752170911825527,NA,FALSE,FALSE,FALSE
OVERALL,Overall,Overall,2005,958,1.05,0.98,1.12,0.03,0.03,reported,FALSE,0.0340647567194605,0.035714941984725815,0.03392396016194002,0.8399845648028794,0.8843307166024091,-0.7752170911825527,NA,FALSE,FALSE,FALSE
OVERALL,Overall,Overall,2006,1008,1.09,1.02,1.16,0.03,0.03,reported,FALSE,0.03281115847959733,0.03571494198472576,0.03433177296500481,0.8399845648028806,0.8738261210855528,-0.7752170911825527,NA,FALSE,FALSE,FALSE
OVERALL,Overall,Overall,2007,1033,1.09,1.02,1.16,0.03,0.03,reported,FALSE,0.03281115847959733,0.03571494198472576,0.03391379082514451,0.8399845648028806,0.884595890641552,-0.7752170911825527,NA,FALSE,FALSE,FALSE
OVERALL,Overall,Overall,2008,1082,1.14,1.07,1.21,0.04,0.04,reported,FALSE,0.031368359853737406,0.03571494198472576,0.03465702031769745,1.1199794197371744,1.154167312519195,1.2403473458920846,NA,FALSE,FALSE,FALSE
OVERALL,Overall,Overall,2009,1098,1.14,1.07,1.2,0.03,0.03,reported,FALSE,0.029251279417526584,0.033163874700102486,0.03440358349615704,0.9045987620954101,0.8720021855674154,-0.7752170911825527,NA,FALSE,FALSE,FALSE
OVERALL,Overall,Overall,2010,1115,1.12,1.05,1.19,0.03,0.03,reported,FALSE,0.03192995992305901,0.03571494198472576,0.03354135390118687,0.8399845648028806,0.8944182780569999,-0.7752170911825527,NA,FALSE,FALSE,FALSE
OVERALL,Overall,Overall,2011,1174,1.17,1.1,1.24,0.03,0.03,reported,FALSE,0.030562092150059176,0.03571494198472576,0.03414694171694007,0.8399845648028806,0.8785559845647084,-0.7752170911825527,NA,FALSE,FALSE,FALSE
OVERALL,Overall,Overall,2012,1213,1.21,1.14,1.28,0.04,0.04,reported,FALSE,0.029549475510465606,0.035714941984725815,0.03474201231392297,1.1199794197371726,1.1513437862656528,1.2403473458920846,NA,FALSE,FALSE,FALSE
OVERALL,Overall,Overall,2013,1157,1.1,1.03,1.16,0.03,0.03,reported,FALSE,0.030322292606979214,0.033163874700102486,0.03233895676208201,0.9045987620954101,0.9276737100924517,-0.7752170911825527,NA,FALSE,FALSE,FALSE
OVERALL,Overall,Overall,2014,1231,1.16,1.09,1.22,0.03,0.03,reported,FALSE,0.028743681871928342,0.033163874700102486,0.033061987911786585,0.9045987620954101,0.907386454802526,-0.7752170911825527,NA,FALSE,FALSE,FALSE
OVERALL,Overall,Overall,2015,1274,1.16,1.09,1.22,0.03,0.03,reported,FALSE,0.028743681871928342,0.033163874700102486,0.03249924525147049,0.9045987620954101,0.9230983602193835,-0.7752170911825527,NA,FALSE,FALSE,FALSE
OVERALL,Overall,Overall,2016,1386,1.23,1.16,1.3,0.03,0.03,reported,FALSE,0.029067947229641886,0.035714941984725815,0.03303874152504059,0.8399845648028794,0.9080249009261603,-0.7752170911825527,NA,FALSE,FALSE,FALSE
OVERALL,Overall,Overall,2017,1434,1.25,1.19,1.32,0.03,0.03,reported,FALSE,0.026449064955438934,0.03316387470010254,0.033009233313740394,0.9045987620954086,0.9088366189805513,-0.7752170911825527,NA,FALSE,FALSE,FALSE
OVERALL,Overall,Overall,2018,1508,1.29,1.23,1.36,0.03,0.03,reported,FALSE,0.025630708307941716,0.03316387470010254,0.03321919006928701,0.9045987620954086,0.9030924576254696,-0.7752170911825527,NA,FALSE,FALSE,FALSE
OVERALL,Overall,Overall,2019,1542,1.29,1.23,1.36,0.03,0.03,reported,FALSE,0.025630708307941716,0.03316387470010254,0.032850919003544365,0.9045987620954086,0.9132164612126445,-0.7752170911825527,NA,FALSE,FALSE,FALSE
OVERALL,Overall,Overall,2020,1715,1.44,1.37,1.51,0.04,0.04,reported,FALSE,0.02482160686478956,0.03571494198472576,0.03477206076597325,1.1199794197371744,1.1503488467138143,1.2403473458920846,NA,FALSE,FALSE,FALSE
OVERALL,Overall,Overall,2021,1710,1.47,1.4,1.54,0.04,0.04,reported,FALSE,0.024314268159037488,0.035714941984725815,0.03554833625539057,1.1199794197371726,1.1252284695583856,1.2403473458920846,NA,FALSE,FALSE,FALSE
OVERALL,Overall,Overall,2022,1811,1.47,1.4,1.55,0.04,0.04,reported,FALSE,0.02596545015949052,0.03826600926934909,0.034542845457207316,1.0453141250880278,1.1579821948818074,1.2403473458920846,NA,FALSE,FALSE,FALSE
OVERALL,Overall,Overall,2023,1729,1.42,1.35,1.49,0.03,0.03,reported,FALSE,0.02517177057469884,0.03571494198472576,0.034150010987315606,0.8399845648028806,0.8784770233644419,-0.7752170911825527,NA,FALSE,FALSE,FALSE
OVERALL,Overall,Overall,2024,1831,1.46,1.4,1.54,0.03,0.03,reported,FALSE,0.024314268159037488,0.035714941984725815,0.03411997337759543,0.8399845648028794,0.8792503929589589,-0.7752170911825527,NA,FALSE,FALSE,FALSE
