year,method,estimate,lower,upper
2025,"Linear trend, 1999-2024",1.424123076923074,1.2778012755522727,1.5704448782938751
2026,"Linear trend, 1999-2024",1.440639316239313,1.2931181357773311,1.5881604967012948
2027,"Linear trend, 1999-2024",1.457155555555552,1.308360053867579,1.605951057243525
2028,"Linear trend, 1999-2024",1.473671794871791,1.3235289380006328,1.6238146517429493
2029,"Linear trend, 1999-2024",1.49018803418803,1.338626735943824,1.641749332432236
2030,"Linear trend, 1999-2024",1.506704273504269,1.3536554241434067,1.6597531228651314
2031,"Linear trend, 1999-2024",1.5232205128205152,1.3686169974494948,1.6778240281915355
2032,"Linear trend, 1999-2024",1.5397367521367542,1.3835134595435907,1.6959600447299177
2033,"Linear trend, 1999-2024",1.5562529914529932,1.3983468141153104,1.714159168790676
2034,"Linear trend, 1999-2024",1.5727692307692323,1.4131190568159009,1.7324194047225636
2035,"Linear trend, 1999-2024",1.5892854700854713,1.4278321679995842,1.7507387721713583
2036,"Linear trend, 1999-2024",1.6058017094017103,1.442488106248994,1.7691153125544266
2037,"Linear trend, 1999-2024",1.6223179487179493,1.4570888026686282,1.7875470947672705
2038,"Linear trend, 1999-2024",1.6388341880341954,1.471636155920084,1.806032220148307
2039,"Linear trend, 1999-2024",1.6553504273504345,1.4861320279647487,1.8245688267361202
2040,"Linear trend, 1999-2024",1.6718666666666735,1.5005782404737336,1.8431550928596134
2025,"Linear trend, post-Joinpoint 2014-2024",1.5409090909090963,1.417323486514427,1.6644946953037656
2026,"Linear trend, post-Joinpoint 2014-2024",1.575909090909093,1.4472771155631663,1.7045410662550196
2027,"Linear trend, post-Joinpoint 2014-2024",1.6109090909090895,1.4766899365741186,1.7451282452440604
2028,"Linear trend, post-Joinpoint 2014-2024",1.645909090909086,1.50562655264935,1.7861916291688222
2029,"Linear trend, post-Joinpoint 2014-2024",1.6809090909090827,1.5341459738394547,1.8276722079787107
2030,"Linear trend, post-Joinpoint 2014-2024",1.7159090909090935,1.5623009942325419,1.8695171875856451
2031,"Linear trend, post-Joinpoint 2014-2024",1.75090909090909,1.5901381512514758,1.9116800305667043
2032,"Linear trend, post-Joinpoint 2014-2024",1.7859090909090867,1.6176980462259538,1.9541201355922195
2033,"Linear trend, post-Joinpoint 2014-2024",1.8209090909090833,1.6450158593463247,1.9968023224718419
2034,"Linear trend, post-Joinpoint 2014-2024",1.8559090909090799,1.6721219447127544,2.0396962371054053
2035,"Linear trend, post-Joinpoint 2014-2024",1.8909090909090764,1.6990424337078114,2.0827757481103415
2036,"Linear trend, post-Joinpoint 2014-2024",1.925909090909073,1.725799805703746,2.1260183761144003
2037,"Linear trend, post-Joinpoint 2014-2024",1.9609090909090838,1.7524134057105982,2.1694047761075694
2038,"Linear trend, post-Joinpoint 2014-2024",1.9959090909090804,1.7788999014525415,2.2129182803656193
2039,"Linear trend, post-Joinpoint 2014-2024",2.030909090909077,1.805273679876183,2.256544501941971
2040,"Linear trend, post-Joinpoint 2014-2024",2.0659090909090736,1.8315471871009208,2.3002709947172266
2025,"ARIMA(0,1,0)",1.46,1.360445225731459,1.559554774268541
2026,"ARIMA(0,1,0)",1.46,1.3192082880304374,1.6007917119695625
2027,"ARIMA(0,1,0)",1.46,1.2875660728308365,1.6324339271691635
2028,"ARIMA(0,1,0)",1.46,1.260890451462918,1.659109548537082
2029,"ARIMA(0,1,0)",1.46,1.2373887572508955,1.6826112427491045
2030,"ARIMA(0,1,0)",1.46,1.2161416015841142,1.7038583984158857
2031,"ARIMA(0,1,0)",1.46,1.1966028254562684,1.7233971745437315
2032,"ARIMA(0,1,0)",1.46,1.1784165760608747,1.7415834239391252
2033,"ARIMA(0,1,0)",1.46,1.1613356771943772,1.7586643228056227
2034,"ARIMA(0,1,0)",1.46,1.1451801613674872,1.7748198386325127
2035,"ARIMA(0,1,0)",1.46,1.1298141676627211,1.7901858323372788
2036,"ARIMA(0,1,0)",1.46,1.1151321456616727,1.8048678543383272
2037,"ARIMA(0,1,0)",1.46,1.1010501566575326,1.8189498433424673
2038,"ARIMA(0,1,0)",1.46,1.0875001434695015,1.8324998565304984
2039,"ARIMA(0,1,0)",1.46,1.0744260172225024,1.8455739827774975
2040,"ARIMA(0,1,0)",1.46,1.0617809029258363,1.8582190970741637
2025,"ETS: ETS(M,N,N)",1.4554442714888736,1.334660369127268,1.576228173850479
2026,"ETS: ETS(M,N,N)",1.4554442714888736,1.2958293503534926,1.6150591926242546
2027,"ETS: ETS(M,N,N)",1.4554442714888736,1.2647098023525836,1.6461787406251636
2028,"ETS: ETS(M,N,N)",1.4554442714888736,1.237965733475457,1.67292280950229
2029,"ETS: ETS(M,N,N)",1.4554442714888736,1.2141378835956809,1.6967506593820663
2030,"ETS: ETS(M,N,N)",1.4554442714888736,1.1924324234339743,1.7184561195437729
2031,"ETS: ETS(M,N,N)",1.4554442714888736,1.1723606934844655,1.7385278494932817
2032,"ETS: ETS(M,N,N)",1.4554442714888736,1.1535965745928658,1.7572919683848813
2033,"ETS: ETS(M,N,N)",1.4554442714888736,1.135909591480484,1.7749789514972631
2034,"ETS: ETS(M,N,N)",1.4554442714888736,1.1191297304180359,1.7917588125597113
2035,"ETS: ETS(M,N,N)",1.4554442714888736,1.1031273287364156,1.8077612142413315
2036,"ETS: ETS(M,N,N)",1.4554442714888736,1.0878008243765334,1.8230877186012138
2037,"ETS: ETS(M,N,N)",1.4554442714888736,1.0730689083221843,1.8378196346555629
2038,"ETS: ETS(M,N,N)",1.4554442714888736,1.0588652878149039,1.8520232551628433
2039,"ETS: ETS(M,N,N)",1.4554442714888736,1.045135071347303,1.865753471630444
2040,"ETS: ETS(M,N,N)",1.4554442714888736,1.0318322008616465,1.8790563421161006
