year,r_ref,s_ref,r_cmp,s_cmp,reference,comparator,rr,se_ln_rr,rr_lo,rr_hi
1999,1.13,0.03376374579549555,0.86,0.13262372762627783,White,Black or African American,0.7610619469026549,0.13685409624717843,0.5820088517114927,0.9952001336749118
2000,1.12,0.036505988061371154,0.76,0.13824647164707818,White,Black or African American,0.6785714285714285,0.14298522331766791,0.5127271641601523,0.8980588817206555
2001,1.1,0.034683197576187534,0.99,0.11826052482903968,White,Black or African American,0.8999999999999999,0.12324153490990271,0.706869307297768,1.1458978224652046
2002,1.19,0.03435187743458896,0.63,0.15056378993770267,White,Black or African American,0.5294117647058824,0.15443285377045157,0.3911470909153135,0.7165509423913335
2003,1.14,0.03346801556206588,0.5,0.1622450136167285,White,Black or African American,0.4385964912280702,0.16566095650199264,0.31699637155956206,0.6068425363078008
2004,1.12,0.03406475671946045,0.76,0.13380972106159472,White,Black or African American,0.6785714285714285,0.13807769226394903,0.5176826677768561,0.8894622368774133
2005,1.11,0.034371191264969715,0.64,0.1397065459387056,White,Black or African American,0.5765765765765766,0.1438725052506447,0.43490309335426913,0.7644014350248851
2006,1.18,0.03261115319419596,0.57,0.15129454588986682,White,Black or African American,0.4830508474576271,0.15476926997526458,0.356658851649944,0.6542333665632672
2007,1.16,0.0308261973425064,0.67,0.13329879213362242,White,Black or African American,0.5775862068965518,0.13681674761110874,0.4417313136047954,0.7552234041882169
2008,1.23,0.033231527687604685,0.73,0.12488704618559321,White,Black or African American,0.5934959349593496,0.12923276959585184,0.46069618486051045,0.7645763876250092
2009,1.2,0.03179712642437321,0.77,0.12516120712381512,White,Black or African American,0.6416666666666667,0.12913707839942068,0.49818173258347553,0.8264777373026629
2010,1.2,0.02979627908154144,0.64,0.13135418640727173,White,Black or African American,0.5333333333333333,0.1346912786108343,0.40958996112422064,0.6944614649824827
2011,1.24,0.03077301132574707,0.89,0.11168585040450117,White,Black or African American,0.717741935483871,0.11584777687392699,0.5719505935560788,0.9006957799434879
2012,1.29,0.0316818016073208,0.75,0.11881783084743369,White,Black or African American,0.5813953488372093,0.12296915662219937,0.4568777592884275,0.7398489963179572
2013,1.18,0.03030247926158754,0.67,0.12536136933766362,White,Black or African American,0.5677966101694916,0.12897175338659644,0.4409728382352464,0.7310948942120061
2014,1.26,0.030527220066283747,0.61,0.13471355452595693,White,Black or African American,0.48412698412698413,0.13812911690875784,0.3693036265393617,0.6346510565200426
2015,1.24,0.03077301132574707,0.85,0.10710754097320609,White,Black or African American,0.6854838709677419,0.1114405830897415,0.5509838181624181,0.8528165834779686
2016,1.37,0.029827420039644323,0.61,0.1259354314766841,White,Black or African American,0.4452554744525547,0.1294195035048426,0.3454993118866647,0.5738142760614325
2017,1.38,0.027655941477063756,0.6,0.12260065551384404,White,Black or African American,0.4347826086956522,0.1256812310228024,0.33985378116393883,0.556227199170132
2018,1.47,0.02614299805794296,0.74,0.10772448620366885,White,Black or African American,0.5034013605442177,0.11085134764765854,0.4050956193418765,0.6255632440791815
2019,1.43,0.028573244013659554,0.88,0.09625029697420896,White,Black or African American,0.6153846153846154,0.10040194191890688,0.5054571529067917,0.7492192417779564
2020,1.59,0.02569281282621767,0.85,0.0971992381618719,White,Black or African American,0.5345911949685535,0.10053761748803952,0.43897928443394296,0.651027863664284
2021,1.63,0.026712468931821533,0.93,0.09558682006326265,White,Black or African American,0.5705521472392638,0.09924916204301214,0.46969323411210306,0.6930688566010713
2022,1.66,0.024607662933714202,0.89,0.09754500499233562,White,Black or African American,0.536144578313253,0.10060101924937974,0.4402001394239375,0.6530007219690234
2023,1.57,0.026020674042910436,0.85,0.09853082740979924,White,Black or African American,0.5414012738853503,0.10190877993434637,0.44337822718346453,0.6610954742335431
2024,1.65,0.026227393635079293,0.81,0.09701067526729203,White,Black or African American,0.49090909090909096,0.10049351866018714,0.4031445903153261,0.5977799065806502
1999,1.13,0.03376374579549555,1.01,0.17682650957553356,White,Hispanic or Latino,0.8938053097345133,0.1800211238127601,0.6280708998723504,1.271970938109019
2000,1.12,0.036505988061371154,0.83,0.1879683121410819,White,Hispanic or Latino,0.7410714285714285,0.19148047820470934,0.5091802983010248,1.0785705261522536
2001,1.1,0.034683197576187534,0.75,0.19408668603987106,White,Hispanic or Latino,0.6818181818181818,0.19716126874223636,0.4632811201788023,1.00344264596501
2002,1.19,0.03435187743458896,0.83,0.17682650957553356,White,Hispanic or Latino,0.6974789915966386,0.1801323568156129,0.49000689471777764,0.992796119733893
2003,1.14,0.03346801556206588,0.56,0.20610651561078797,White,Hispanic or Latino,0.4912280701754387,0.2088061393802459,0.32624740624116816,0.7396381160802502
2004,1.12,0.03406475671946045,0.68,0.1741552105236398,White,Hispanic or Latino,0.6071428571428571,0.17745547329651268,0.42878592126315435,0.8596887880405965
2005,1.11,0.034371191264969715,0.68,0.17952607686707747,White,Hispanic or Latino,0.6126126126126126,0.18278673656547662,0.42815161021256687,0.8765451400398248
2006,1.18,0.03261115319419596,0.9,0.15251224141649605,White,Hispanic or Latino,0.7627118644067797,0.1559598380819206,0.5618330036302295,1.0354133423064824
2007,1.16,0.0308261973425064,0.77,0.1579210672464203,White,Hispanic or Latino,0.6637931034482759,0.16090157837276658,0.48425382983996124,0.9098973658734146
2008,1.23,0.033231527687604685,0.78,0.15584701737933615,White,Hispanic or Latino,0.6341463414634146,0.15935064247905353,0.46403418780539524,0.8666205916708924
2009,1.2,0.03179712642437321,0.83,0.14393465942091194,White,Hispanic or Latino,0.6916666666666667,0.14740503190685686,0.5181141528711907,0.9233540043765498
2010,1.2,0.02979627908154144,0.61,0.16776851444476018,White,Hispanic or Latino,0.5083333333333333,0.17039393383013027,0.3640063916214798,0.7098852759884604
2011,1.24,0.03077301132574707,0.85,0.1342098885608446,White,Hispanic or Latino,0.6854838709677419,0.13769267378320782,0.5233509587866685,0.8978451829844807
2012,1.29,0.0316818016073208,0.67,0.14936920295119188,White,Hispanic or Latino,0.5193798449612403,0.15269215874877132,0.3850465985437413,0.7005786426167269
2013,1.18,0.03030247926158754,0.9,0.12441636943129497,White,Hispanic or Latino,0.7627118644067797,0.12805339992309228,0.5934187309920486,0.9803016954560215
2014,1.26,0.030527220066283747,0.65,0.1405206837280109,White,Hispanic or Latino,0.5158730158730159,0.1437983787125675,0.3891718417380188,0.6838238021472015
2015,1.24,0.03077301132574707,0.78,0.12775114539413504,White,Hispanic or Latino,0.6290322580645161,0.1314052258305125,0.4862063051683034,0.8138141720494068
2016,1.37,0.029827420039644323,0.67,0.13329879213362242,White,Hispanic or Latino,0.48905109489051096,0.13659517916275105,0.3741831340950086,0.6391815975139056
2017,1.38,0.027655941477063756,0.71,0.1256340649579242,White,Hispanic or Latino,0.5144927536231885,0.1286420202610123,0.3998333135993807,0.6620328635147047
2018,1.47,0.02614299805794296,0.76,0.11301305302586706,White,Hispanic or Latino,0.5170068027210885,0.11599744178939918,0.4118689533186134,0.6489832066878509
2019,1.43,0.028573244013659554,0.78,0.11417980049345763,White,Hispanic or Latino,0.5454545454545455,0.11770070991370409,0.43308340167636755,0.6869823687663622
2020,1.59,0.02569281282621767,0.8,0.10869699613661259,White,Hispanic or Latino,0.5031446540880503,0.11169224503091442,0.4042222836967159,0.6262755744740763
2021,1.63,0.026712468931821533,0.9,0.10112820330248917,White,Hispanic or Latino,0.5521472392638037,0.10459669927690411,0.4498026742920174,0.677778482101058
2022,1.66,0.024607662933714202,0.79,0.10608049393348765,White,Hispanic or Latino,0.47590361445783136,0.1088972371928324,0.3844372897935388,0.5891318461215379
2023,1.57,0.026020674042910436,0.76,0.10758504551779084,White,Hispanic or Latino,0.4840764331210191,0.11068702497001408,0.3896700016895096,0.6013549723796379
2024,1.65,0.026227393635079293,0.89,0.09754500499233562,White,Hispanic or Latino,0.5393939393939394,0.10100942617322493,0.4425136614988411,0.6574843833508962
2019,1.43,0.028573244013659554,0.48,0.20778648076927647,White,Asian,0.3356643356643357,0.20974186960152957,0.22252181665044493,0.5063348301437415
2020,1.59,0.02569281282621767,0.41,0.21754923378144397,White,Asian,0.2578616352201258,0.21906115527362768,0.1678500747422994,0.39614294494943464
2021,1.63,0.026712468931821533,0.36,0.22700862919550618,White,Asian,0.22085889570552147,0.22857487553459666,0.14110799127722168,0.3456831280124422
2022,1.66,0.024607662933714202,0.53,0.17682650957553353,White,Asian,0.31927710843373497,0.17853053398151683,0.22501025691026422,0.45303655650889096
2024,1.65,0.026227393635079293,0.4,0.1906194215108423,White,Asian,0.24242424242424246,0.19241528014691964,0.16626156483474666,0.3534762431316041
1999,1.27,0.06462221524111796,1.29,0.06136217193871693,Census Region 1: Northeast,Census Region 2: Midwest,1.015748031496063,0.08911423482085248,0.8529661865857132,1.2095955029800571
2000,1.48,0.06236169129360988,1.19,0.06465651991789424,Census Region 1: Northeast,Census Region 2: Midwest,0.8040540540540541,0.08983009578583646,0.6742512027563318,0.9588457821029649
2001,1.16,0.06828732768983213,1.39,0.05899107416534867,Census Region 1: Northeast,Census Region 2: Midwest,1.1982758620689655,0.09023915976005197,1.0040263228455113,1.430106969255285
2002,1.24,0.06857615503850208,1.39,0.05899107416534867,Census Region 1: Northeast,Census Region 2: Midwest,1.1209677419354838,0.09045792320767894,0.9388477963954838,1.3384157509707948
2003,1.28,0.06411200161412205,1.26,0.06283198523842395,Census Region 1: Northeast,Census Region 2: Midwest,0.984375,0.08976751706475296,0.8255632012342536,1.1737370793372461
2004,1.28,0.06587745314771178,1.12,0.06612866609608918,Census Region 1: Northeast,Census Region 2: Midwest,0.8750000000000001,0.09334259109793887,0.72870994311067006,1.0506580941269301
2005,1.18,0.06712133840128191,1.18,0.06521041764247128,Census Region 1: Northeast,Census Region 2: Midwest,1,0.0935824376573133,0.8324199587513933,1.2013167025691842
2006,1.3,0.06485683930664222,1.15,0.06496094325767365,Census Region 1: Northeast,Census Region 2: Midwest,0.8846153846153845,0.0917950638856704,0.7389556737203431,1.0589869007411905
2007,1.34,0.06338416451994304,1.29,0.059596720405127195,Census Region 1: Northeast,Census Region 2: Midwest,0.9626865671641791,0.08700184707773802,0.8117621646106402,1.1416711285661758
2008,1.33,0.06338416451994304,1.25,0.06152206334380212,Census Region 1: Northeast,Census Region 2: Midwest,0.9398496240601504,0.08833185489940765,0.7904422775230514,1.1174975592322693
2009,1.23,0.06674742513959661,1.22,0.06305016146105821,Census Region 1: Northeast,Census Region 2: Midwest,0.991869918699187,0.09181798093528067,0.828512589741409,1.1874363139459259
2010,1.36,0.06197720481772064,1.21,0.06169391025394635,Census Region 1: Northeast,Census Region 2: Midwest,0.8897058823529411,0.08744891354064772,0.7495658841504487,1.0560466715885708
2011,1.37,0.06363914378001298,1.41,0.05611427049983503,Census Region 1: Northeast,Census Region 2: Midwest,1.0291970802919708,0.08484545936455186,0.8715212073092458,1.21539971855861
2012,1.31,0.06262881878237626,1.43,0.05532600088861031,Census Region 1: Northeast,Census Region 2: Midwest,1.0916030534351144,0.0835663527767141,0.926686707220035,1.2858684785104284
2013,1.27,0.06462221524111796,1.27,0.06054401718046367,Census Region 1: Northeast,Census Region 2: Midwest,1,0.08855285833341382,0.840666362399034,1.1895325479019654
2014,1.34,0.06121303032180474,1.38,0.05567795320260329,Census Region 1: Northeast,Census Region 2: Midwest,1.0298507462686566,0.0827470214207706,0.875668839512136,1.211179970936273
2015,1.31,0.06262881878237626,1.45,0.05494014496462646,Census Region 1: Northeast,Census Region 2: Midwest,1.1068702290076335,0.08331139460367888,0.9401170278959964,1.3032012691072634
2016,1.42,0.05773400120120012,1.44,0.0533407245000033,Census Region 1: Northeast,Census Region 2: Midwest,1.0140845070422535,0.07860310289603986,0.8692947669362615,1.1829904268807503
2017,1.27,0.062334247183157665,1.45,0.05297019904857371,Census Region 1: Northeast,Census Region 2: Midwest,1.141732283464567,0.0818009801844484,0.972602005418497,1.3402734107506944
2018,1.34,0.06121303032180474,1.57,0.05037453199499924,Census Region 1: Northeast,Census Region 2: Midwest,1.171641791044776,0.07927564919250671,1.0030331789354634,1.368593298159417
2019,1.59,0.054760429051267705,1.45,0.05455965421198025,Census Region 1: Northeast,Census Region 2: Midwest,0.9119496855345911,0.07730110256399826,0.783740085816971,1.0611326943673234
2020,1.62,0.053738758742960926,1.78,0.04887722302311732,Census Region 1: Northeast,Census Region 2: Midwest,1.0987654320987654,0.07264184139795542,0.9529544452843788,1.2668868703528748
2021,1.53,0.056552730668302895,1.95,0.048425961891480636,Census Region 1: Northeast,Census Region 2: Midwest,1.2745098039215685,0.07445324124010144,1.1014593317715893,1.4747482666287342
2022,1.6,0.055852791622483945,1.87,0.04775892403249427,Census Region 1: Northeast,Census Region 2: Midwest,1.16875,0.07348774834464702,1.0119725657552385,1.3498158040288049
2023,1.56,0.05546348767634248,1.61,0.05230958565792983,Census Region 1: Northeast,Census Region 2: Midwest,1.0320512820512822,0.07623969580820802,0.8888038577694605,1.1983857174706036
2024,1.54,0.05434297399417549,1.58,0.050054661846418234,Census Region 1: Northeast,Census Region 2: Midwest,1.025974025974026,0.0738825283479857,0.8876616227822097,1.1858377955713595
1999,1.27,0.06462221524111796,0.92,0.06129700225424898,Census Region 1: Northeast,Census Region 3: South,0.7244094488188977,0.08906937289566365,0.608370460576925,0.8625814097555861
2000,1.48,0.06236169129360988,0.91,0.06197720481772063,Census Region 1: Northeast,Census Region 3: South,0.6148648648648649,0.08792129695368006,0.5175364390229941,0.7304969728488847
2001,1.16,0.06828732768983213,0.86,0.06224033710351728,Census Region 1: Northeast,Census Region 3: South,0.7413793103448276,0.09239598847232483,0.6185756982546186,0.8885626825597144
2002,1.24,0.06857615503850208,0.93,0.06063163755860908,Census Region 1: Northeast,Census Region 3: South,0.75,0.09153624698939328,0.6268237866772612,0.8973813884469254
2003,1.28,0.06411200161412205,0.88,0.06152206334380214,Census Region 1: Northeast,Census Region 3: South,0.6875,0.0888555739897503,0.5776153164896017,0.8182889831809174
2004,1.28,0.06587745314771178,0.98,0.0575112005508265,Census Region 1: Northeast,Census Region 3: South,0.765625,0.08744928257010658,0.6450288531891332,0.9087680926625492
2005,1.18,0.06712133840128191,0.95,0.05934351271340919,Census Region 1: Northeast,Census Region 3: South,0.8050847457627118,0.08959311675539568,0.6754291482334197,0.9596290736860738
2006,1.3,0.06485683930664222,0.96,0.05871984888171447,Census Region 1: Northeast,Census Region 3: South,0.7384615384615384,0.08748960085369573,0.6220948376977544,0.876595352896867
2007,1.34,0.06338416451994304,0.99,0.05692542135323347,Census Region 1: Northeast,Census Region 3: South,0.7388059701492536,0.08519422461724958,0.6251913214576388,0.8730675599519884
2008,1.33,0.06338416451994304,1.03,0.05469740082896747,Census Region 1: Northeast,Census Region 3: South,0.7744360902255639,0.08372190853854168,0.6572360335382641,0.9125355690178245
2009,1.23,0.06674742513959661,1.08,0.05428180465484334,Census Region 1: Northeast,Census Region 3: South,0.878048780487805,0.08603332539982762,0.7418001976337737,1.039322533716483
2010,1.36,0.06197720481772064,0.98,0.05459566334867104,Census Region 1: Northeast,Census Region 3: South,0.7205882352941175,0.08259455413947772,0.612890028193494,0.8472113771777017
2011,1.37,0.06363914378001298,1.11,0.0507281920264034,Census Region 1: Northeast,Census Region 3: South,0.8102189781021898,0.08138359839255586,0.6907622048874699,0.9503339757621769
2012,1.31,0.06262881878237626,1.04,0.051439043697674006,Census Region 1: Northeast,Census Region 3: South,0.7938931297709924,0.08104532163306492,0.6772923040092791,0.9305676408349487
2013,1.27,0.06462221524111796,1.02,0.05297019904857371,Census Region 1: Northeast,Census Region 3: South,0.8031496062992126,0.08355760103015701,0.6818236980414809,0.9460646380456794
2014,1.34,0.06121303032180474,1.06,0.050466678186523874,Census Region 1: Northeast,Census Region 3: South,0.7910447761194029,0.07933423402516943,0.6771293591652254,0.9241245108574704
2015,1.31,0.06262881878237626,1.08,0.04999419568627206,Census Region 1: Northeast,Census Region 3: South,0.8244274809160306,0.08013606269584866,0.7045965617374979,0.9646380754590902
2016,1.42,0.05773400120120012,1.2,0.046901229415996615,Census Region 1: Northeast,Census Region 3: South,0.8450704225352113,0.07438373622931375,0.730427895120143,0.9777063880157205
2017,1.27,0.062334247183157665,1.24,0.0453801603318323,Census Region 1: Northeast,Census Region 3: South,0.9763779527559054,0.07710328996634193,0.8394358732016776,1.1356601940202953
2018,1.34,0.06121303032180474,1.31,0.045078268244607186,Census Region 1: Northeast,Census Region 3: South,0.9776119402985074,0.0760202956394603,0.8422827459675072,1.1346844161177694
2019,1.59,0.054760429051267705,1.17,0.043714643061897346,Census Region 1: Northeast,Census Region 3: South,0.7358490566037735,0.07006907026576001,0.6414249317984446,0.8441733510209285
2020,1.62,0.053738758742960926,1.3,0.04114058953842644,Census Region 1: Northeast,Census Region 3: South,0.8024691358024691,0.06767866945207657,0.7027812237152196,0.9162975506250938
2021,1.53,0.056552730668302895,1.4,0.04185488044136339,Census Region 1: Northeast,Census Region 3: South,0.9150326797385621,0.07035653745603482,0.7971664484470985,1.0503261980237464
2022,1.6,0.055852791622483945,1.4,0.04185488044136339,Census Region 1: Northeast,Census Region 3: South,0.8749999999999999,0.06979516708759595,0.7631295999070061,1.0032699558414426
2023,1.56,0.05546348767634248,1.38,0.040755651824989705,Census Region 1: Northeast,Census Region 3: South,0.8846153846153845,0.06882747722315254,0.7729803133307425,1.0123729740622642
2024,1.54,0.05434297399417549,1.48,0.03799132983228122,Census Region 1: Northeast,Census Region 3: South,0.961038961038961,0.06630610805164795,0.8439197157870487,1.094412024458381
1999,1.27,0.06462221524111796,0.92,0.08154070043623583,Census Region 1: Northeast,Census Region 4: West,0.7244094488188977,0.10404285910287801,0.5907757553800919,0.8882711329283893
2000,1.48,0.06236169129360988,0.8,0.09021595371982492,Census Region 1: Northeast,Census Region 4: West,0.5405405405405406,0.10967177780348548,0.43598895274037425,0.6701639436764619
2001,1.16,0.06828732768983213,1.01,0.07633887592150844,Census Region 1: Northeast,Census Region 4: West,0.8706896551724138,0.10242452391872746,0.7123271076039819,1.0642589163484744
2002,1.24,0.06857615503850208,0.87,0.08282322487906757,Census Region 1: Northeast,Census Region 4: West,0.7016129032258065,0.10752848747765995,0.5682888733406797,0.8662155623058325
2003,1.28,0.06411200161412205,0.86,0.08380359781180531,Census Region 1: Northeast,Census Region 4: West,0.671875,0.10551488879381908,0.5463538973637304,0.826233724703301
2004,1.28,0.06587745314771178,0.94,0.07655870077652573,Census Region 1: Northeast,Census Region 4: West,0.7343749999999999,0.10100036384993157,0.6024849716662661,0.8951370838901812
2005,1.18,0.06712133840128191,0.92,0.0782489550425224,Census Region 1: Northeast,Census Region 4: West,0.7796610169491526,0.10309303096730688,0.6370197143341668,0.9542425260504742
2006,1.3,0.06485683930664222,0.95,0.07574086307161874,Census Region 1: Northeast,Census Region 4: West,0.7307692307692307,0.09971503368941571,0.6010390126830638,0.888500841659427
2007,1.34,0.06338416451994304,0.85,0.078649751241951,Census Region 1: Northeast,Census Region 4: West,0.6343283582089552,0.1010115621219273,0.5203947778653264,0.7732061948788407
2008,1.33,0.06338416451994304,0.95,0.07261067989259118,Census Region 1: Northeast,Census Region 4: West,0.7142857142857142,0.09638393614267655,0.5913298590423914,0.8628079130975819
2009,1.23,0.06674742513959661,1.13,0.06812951343892094,Census Region 1: Northeast,Census Region 4: West,0.9186991869918698,0.09537740489335073,0.7620578441718237,1.107538230377721
2010,1.36,0.06197720481772064,0.99,0.06965447442211735,Census Region 1: Northeast,Census Region 4: West,0.7279411764705882,0.09323582854267502,0.6063645527356076,0.8738940197126513
2011,1.37,0.06363914378001298,0.81,0.07614756977946315,Census Region 1: Northeast,Census Region 4: West,0.5912408759124087,0.0992390699491454,0.48673435640552887,0.7181859442410659
2012,1.31,0.06262881878237626,1.06,0.06778266535223054,Census Region 1: Northeast,Census Region 4: West,0.8091603053435115,0.09228682822769564,0.6752737676291531,0.9695925284382956
2013,1.27,0.06462221524111796,0.96,0.06716720853148955,Census Region 1: Northeast,Census Region 4: West,0.7559055118110236,0.0932065695355321,0.6296945525420812,0.9074131902198733
2014,1.34,0.06121303032180474,0.87,0.07082572404090158,Census Region 1: Northeast,Census Region 4: West,0.6492537313432836,0.09361259673300454,0.540419818724865,0.7800054569756323
2015,1.31,0.06262881878237626,0.91,0.07092481385704831,Census Region 1: Northeast,Census Region 4: West,0.6946564885496184,0.09461869880067404,0.577072679963732,0.8361990678789599
2016,1.42,0.05773400120120012,0.88,0.06667590991365645,Census Region 1: Northeast,Census Region 4: West,0.619718309859155,0.0881980263810603,0.5213387803606556,0.7366626041304775
2017,1.27,0.062334247183157665,1.11,0.06003020687895097,Census Region 1: Northeast,Census Region 4: West,0.8740157480314962,0.08654007227764865,0.7376599668906794,1.0355767726246499
2018,1.34,0.06121303032180474,1.08,0.06441336813288195,Census Region 1: Northeast,Census Region 4: West,0.8059701492537313,0.08886009833103022,0.6771441085921298,0.959305225055652
2019,1.59,0.054760429051267705,1.15,0.060437270517997174,Census Region 1: Northeast,Census Region 4: West,0.7232704402515723,0.08155592104528336,0.6164249238392995,0.848635591311813
2020,1.62,0.053738758742960926,1.17,0.058880271749978716,Census Region 1: Northeast,Census Region 4: West,0.7222222222222221,0.07971662682643754,0.617754519555811,0.8443563288645118
2021,1.53,0.056552730668302895,1.06,0.0650247279132034,Census Region 1: Northeast,Census Region 4: West,0.6928104575163399,0.08617671719337969,0.5851412023804017,0.8202914580128301
2022,1.6,0.055852791622483945,1.18,0.05596093351832222,Census Region 1: Northeast,Census Region 4: West,0.7374999999999999,0.07906428025516132,0.6316294737135243,0.8611160065128447
2023,1.56,0.05546348767634248,1.18,0.05596093351832222,Census Region 1: Northeast,Census Region 4: West,0.7564102564102564,0.07878974898719932,0.6481737711986726,0.8827208094899252
2024,1.54,0.05434297399417549,1.27,0.056028735971468825,Census Region 1: Northeast,Census Region 4: West,0.8246753246753247,0.07805368714604197,0.7076908511106749,0.9609978567067753
1999,1.11,0.03683600974835738,1.07,0.07686999639594898,Metro,Non Metro,0.9639639639639639,0.08524017808577296,0.8156507272872909,1.1392456265092292
2000,1.09,0.035324545593015046,1,0.07932261436146146,Metro,Non Metro,0.9174311926605504,0.08683260142648111,0.7738583227260483,1.0876409396252253
2001,1.07,0.035990099658135426,1.19,0.073389632340436,Metro,Non Metro,1.1121495327102802,0.08173937489647745,0.9475158894801351,1.3053887505636663
2002,1.07,0.03565421188286699,1.32,0.06778266535223058,Metro,Non Metro,1.233644859813084,0.07658793995950572,1.061691598924643,1.433447944473435
2003,1.07,0.03821812018240137,1.08,0.07893564920806417,Metro,Non Metro,1.0093457943925235,0.08770097733876765,0.8499409824410303,1.198646675127891
2004,1.06,0.035990099658135426,1.06,0.07760636848497525,Metro,Non Metro,1,0.08554551830942565,0.8456361159251371,1.1825417353491186
2005,1.07,0.035990099658135426,1.05,0.07835709693836067,Metro,Non Metro,0.9813084112149533,0.08622715299724426,0.8287219380169281,1.1619895090813266
2006,1.05,0.03633238701454774,1.25,0.07219475086573234,Metro,Non Metro,1.1904761904761905,0.08082155899721334,1.016073858954932,1.394813524233738
2007,1.06,0.03633238701454774,1.3,0.06883403398738841,Metro,Non Metro,1.2264150943396226,0.0778342249987229,1.0528945425184737,1.4285324150568242
2008,1.13,0.03406475671946045,1.17,0.07466198773838721,Metro,Non Metro,1.0353982300884956,0.08206594947603488,0.8815617846485759,1.2160798182713297
2009,1.11,0.03221837909279988,1.26,0.0692606471782888,Metro,Non Metro,1.135135135135135,0.07638757228059266,0.9772965078593184,1.3184655472070357
2010,1.09,0.035324545593015046,1.31,0.06883403398738841,Metro,Non Metro,1.201834862385321,0.07736890690923545,1.0327334994842963,1.3986251411095116
2011,1.16,0.033177428073689175,1.28,0.06816542120567207,Metro,Non Metro,1.1034482758620692,0.07581072735260826,0.9510903435822248,1.2802128690708423
2012,1.15,0.033177428073689175,1.39,0.06644388922602787,Metro,Non Metro,1.208695652173913,0.07426662877137673,1.0449634274223059,1.3980825943238513
2013,1.12,0.03192995992305901,1.14,0.07470123794670563,Metro,Non Metro,1.0178571428571426,0.08123913645194962,0.8680324289470871,1.1935420022521523
2014,1.1,0.03251206337804924,1.46,0.06677632586790014,Metro,Non Metro,1.3272727272727272,0.07427053225549336,1.1474690461803874,1.5352509058314443
2015,1.12,0.03192995992305901,1.4,0.06806361992739296,Metro,Non Metro,1.2499999999999998,0.07518097298059369,1.078737689951362,1.448452218324224
2016,1.17,0.030562092150059176,1.58,0.05982439264555081,Metro,Non Metro,1.3504273504273505,0.06717886149673677,1.1838276371975047,1.5404725920231104
2017,1.2,0.03179712642437321,1.59,0.06126161745240819,Metro,Non Metro,1.3250000000000002,0.06902204735975873,1.1573486384084781,1.5169370246240053
2018,1.28,0.027930164458450805,1.45,0.06366522964623153,Metro,Non Metro,1.1328125,0.06952233851492272,0.9885087336952395,1.2981819142448614
2019,1.24,0.02883302685531714,1.65,0.059013619057631674,Metro,Non Metro,1.3306451612903225,0.06568067198132727,1.169916240267146,1.5134558221544432
2020,1.36,0.028061968506054587,1.89,0.05692542135323347,Metro,Non Metro,1.389705882352941,0.0634663507118376,1.2271573139002463,1.573785542872425
