stratifier,reference,comparator,n_years,rr,rr_lo,rr_hi,q_heterogeneity_p,window,window_years,overlap_caveat
Race/ethnicity,White,Black or African American,5,0.674205728758886,0.5950839994715454,0.7638473981739706,0.003825060319994329,first_5_years,1999-2003,FALSE
Race/ethnicity,White,Hispanic or Latino,5,0.7009434377412158,0.5930912200189015,0.8284083229166933,0.305525430439444,first_5_years,1999-2003,TRUE
Race/ethnicity,White,Asian,4,0.2633470767232481,0.2161239460794982,0.3208884719936136,0.5827367086478301,last_5_years,2020-2024,FALSE
Race/ethnicity,White,Black or African American,5,0.5342387597091949,0.4891703266699556,0.5834594553569199,0.8836907429658025,last_5_years,2020-2024,FALSE
Race/ethnicity,White,Hispanic or Latino,5,0.5118442169232088,0.4659618177566793,0.5622445711518332,0.8232794960353811,last_5_years,2020-2024,TRUE
Race/ethnicity,White,Asian,5,0.27561927918057,0.23065230748513232,0.329352816298678,0.5515523962738473,all_years,1999-2024,FALSE
Race/ethnicity,White,Black or African American,26,0.5728881195650753,0.5466608021727177,0.6003737532202151,0.003945753012994298,all_years,1999-2024,FALSE
Race/ethnicity,White,Hispanic or Latino,26,0.5751966857371904,0.545401662505858,0.6066193963600076,0.07834299910299299,all_years,1999-2024,TRUE
Census region,Census Region 1: Northeast,Census Region 2: Midwest,5,1.0149014813634085,0.938015559088832,1.0980894793197087,0.02211603803894795,first_5_years,1999-2003,NA
Census region,Census Region 1: Northeast,Census Region 3: South,5,0.7002539238231719,0.6471881910546756,0.7576707433901904,0.505924441108183,first_5_years,1999-2003,NA
Census region,Census Region 1: Northeast,Census Region 4: West,5,0.6984195230212316,0.636594099294757,0.7662493740950422,0.03489166305908693,first_5_years,1999-2003,NA
Census region,Census Region 1: Northeast,Census Region 2: Midwest,5,1.1168569446889516,1.0466111996658363,1.1918173962768621,0.20136627910851124,last_5_years,2020-2024,NA
Census region,Census Region 1: Northeast,Census Region 3: South,5,0.8864092780984627,0.8347205547624749,0.9412987422151355,0.4215900641039088,last_5_years,2020-2024,NA
Census region,Census Region 1: Northeast,Census Region 4: West,5,0.7477286052083488,0.6969658729476949,0.802188584474324,0.6268708327920508,last_5_years,2020-2024,NA
Census region,Census Region 1: Northeast,Census Region 2: Midwest,26,1.0321895210545393,0.9995651741030818,1.0658786790274135,0.0174232839459011,all_years,1999-2024,NA
Census region,Census Region 1: Northeast,Census Region 3: South,26,0.8114110411775887,0.7870018844267496,0.8365772570220296,0.002648616991304206,all_years,1999-2024,NA
Census region,Census Region 1: Northeast,Census Region 4: West,26,0.7310806750195127,0.7055761581317654,0.7575071056853555,0.03479008374367975,all_years,1999-2024,NA
Urbanization,Metro,Non Metro,5,1.051874484800338,0.9778018680821691,1.1315584147370414,0.07349382485082391,first_5_years,1999-2003,NA
Urbanization,Metro,Non Metro,5,1.306895346704232,1.2325050795759376,1.3857755846530304,0.2381676758116541,last_5_years,2016-2020,NA
Urbanization,Metro,Non Metro,22,1.1708436605388879,1.134107834322489,1.2087694273296834,1.0768914636652928e-4,all_years,1999-2020,NA
