file,stratifier,group,year,deaths,rate,ci_lower,ci_upper,se,se_reported,se_source,se_suspect,se_log,se_ci,se_pois,se_ratio_ci,se_ratio_pois,se_z,se_robust_z,deaths_suppressed,rate_suppressed,rate_unreliable,identical_run_len,identical_run_flag
CENSUS_REGION,Census region,Census Region 1: Northeast,2021,341,1.53,1.37,1.71,0.08673628767719116,2.22,CI-implied (reported SE failed check),TRUE,0.056552730668302895,0.08673628767719116,0.082854145244304,25.5948237981113,26.79407280654578,2.200927181206638,NA,FALSE,FALSE,FALSE,1,FALSE
CENSUS_REGION,Census region,Census Region 1: Northeast,2022,365,1.6,1.43,1.78,0.08928735496181449,2.36,CI-implied (reported SE failed check),TRUE,0.055852791622483945,0.08928735496181449,0.08374782761443421,26.431514305797286,28.179835432450624,2.3724402392154618,NA,FALSE,FALSE,FALSE,1,FALSE
CENSUS_REGION,Census region,Census Region 1: Northeast,2023,359,1.56,1.4,1.74,0.08673628767719122,2.31,CI-implied (reported SE failed check),TRUE,0.05546348767634248,0.08673628767719122,0.08233365097920449,26.632451789926606,28.05657191836969,2.311185575640882,NA,FALSE,FALSE,FALSE,1,FALSE
CENSUS_REGION,Census region,Census Region 1: Northeast,2024,363,1.54,1.39,1.72,0.08418522039256794,2.31,CI-implied (reported SE failed check),TRUE,0.05434297399417549,0.08418522039256794,0.08082903768654762,27.439495783560744,28.578838324886473,2.311185575640882,NA,FALSE,FALSE,FALSE,1,FALSE
CENSUS_REGION,Census region,Census Region 2: Midwest,2021,480,1.95,1.77,2.14,0.09438948953106104,2.68,CI-implied (reported SE failed check),TRUE,0.048425961891480636,0.09438948953106104,0.08900491559458949,28.392991776039686,30.11069649464298,2.4888141319462775,NA,FALSE,FALSE,FALSE,1,FALSE
CENSUS_REGION,Census region,Census Region 2: Midwest,2022,477,1.87,1.7,2.05,0.08928735496181443,2.66,CI-implied (reported SE failed check),TRUE,0.04775892403249427,0.08928735496181443,0.08562141819468283,29.791452565008825,31.066993003453764,2.4664736633011533,NA,FALSE,FALSE,FALSE,1,FALSE
CENSUS_REGION,Census region,Census Region 2: Midwest,2023,424,1.61,1.45,1.78,0.08418522039256794,2.36,CI-implied (reported SE failed check),TRUE,0.05230958565792983,0.08418522039256794,0.07818851191975977,28.033424263724395,30.183462276682384,2.131366633624285,NA,FALSE,FALSE,FALSE,1,FALSE
CENSUS_REGION,Census region,Census Region 2: Midwest,2024,422,1.58,1.43,1.74,0.0790830858233214,2.32,CI-implied (reported SE failed check),TRUE,0.050054661846418234,0.0790830858233214,0.0769131965947752,29.336235123438215,30.163874376762024,2.086685696334036,NA,FALSE,FALSE,FALSE,1,FALSE
CENSUS_REGION,Census region,Census Region 3: South,2021,613,1.4,1.29,1.52,0.058674547546335214,1.82,CI-implied (reported SE failed check),TRUE,0.04185488044136339,0.058674547546335214,0.056545467420541354,31.01856045098172,32.186487848163864,2.215987400032148,118.71037366788082,FALSE,FALSE,FALSE,1,FALSE
CENSUS_REGION,Census region,Census Region 3: South,2022,655,1.4,1.29,1.52,0.058674547546335214,1.92,CI-implied (reported SE failed check),TRUE,0.04185488044136339,0.058674547546335214,0.05470252656151944,32.72287695927742,35.09892724681983,2.365250800034313,125.45528126264676,FALSE,FALSE,FALSE,1,FALSE
CENSUS_REGION,Census region,Census Region 3: South,2023,628,1.38,1.27,1.49,0.05612348026171194,1.81,CI-implied (reported SE failed check),TRUE,0.040755651824989705,0.05612348026171194,0.055067995028265926,32.25031647288634,32.8684565158209,2.201061060031931,118.03588290840422,FALSE,FALSE,FALSE,1,FALSE
CENSUS_REGION,Census region,Census Region 3: South,2024,692,1.48,1.37,1.59,0.05612348026171194,1.95,CI-implied (reported SE failed check),TRUE,0.03799132983228122,0.05612348026171194,0.05626115817395821,34.74481608957368,34.659791289234484,2.410029820034963,127.47875354107654,FALSE,FALSE,FALSE,1,FALSE
CENSUS_REGION,Census region,Census Region 4: West,2021,276,1.06,0.93,1.2,0.06887881668482827,1.43,CI-implied (reported SE failed check),TRUE,0.0650247279132034,0.06887881668482827,0.06380450213545769,20.76109998438724,22.412211554665745,1.9912221770460246,NA,FALSE,FALSE,FALSE,1,FALSE
CENSUS_REGION,Census region,Census Region 4: West,2022,314,1.18,1.06,1.32,0.06632774940020503,1.61,CI-implied (reported SE failed check),TRUE,0.05596093351832222,0.06632774940020503,0.06659125246200584,24.27340011622682,24.177349734014964,2.3098177253733887,NA,FALSE,FALSE,FALSE,1,FALSE
CENSUS_REGION,Census region,Census Region 4: West,2023,318,1.18,1.06,1.32,0.06632774940020503,1.61,CI-implied (reported SE failed check),TRUE,0.05596093351832222,0.06632774940020503,0.06617111418286123,24.27340011622682,24.330858258647865,2.3098177253733887,NA,FALSE,FALSE,FALSE,1,FALSE
CENSUS_REGION,Census region,Census Region 4: West,2024,354,1.27,1.14,1.42,0.07142988396945157,1.75,CI-implied (reported SE failed check),TRUE,0.056028735971468825,0.07142988396945157,0.0674997384384972,24.499549806750668,25.92602638889517,2.5576142629613385,NA,FALSE,FALSE,FALSE,1,FALSE
