file,stratifier,group,first_year,last_year,n_years,total_deaths,mean_rate,sd_rate,min_rate,max_rate,n_unreliable_years,pct_of_stratifier_deaths
AGE,Age group,35-54 yrs,1999,2024,26,2561,0.21653846153846154,0.03698024420604144,0.15,0.28,0,7.844758929118422
AGE,Age group,55-74 yrs,1999,2024,26,10684,1.2534615384615384,0.23390497741933253,0.99,1.75,0,32.726827176376894
AGE,Age group,75+ yrs,1999,2024,26,19401,5.9265384615384615,0.5191681215767572,5.18,6.92,0,59.428413894504686
CENSUS_REGION,Census region,Census Region 1: Northeast,1999,2024,26,7396,1.3661538461538463,0.13386790274227572,1.16,1.62,0,22.655149176009314
CENSUS_REGION,Census region,Census Region 2: Midwest,1999,2024,26,8596,1.406923076923077,0.21612531977108526,1.12,1.95,0,26.330944066654414
CENSUS_REGION,Census region,Census Region 3: South,1999,2024,26,10941,1.1023076923076922,0.1816657962811424,0.86,1.48,0,33.51405991545672
CENSUS_REGION,Census region,Census Region 4: West,1999,2024,26,5713,0.9953846153846154,0.1309726923974847,0.8,1.27,0,17.499846841879556
OVERALL,Overall,Overall,1999,2024,26,32646,1.2011538461538462,0.14179779753090446,1.05,1.47,0,100
RACE,Race/ethnicity,American Indian or Alaska Native,2021,2024,4,42,0.99,0.053541261347363374,0.93,1.04,4,0.12387553458192008
RACE,Race/ethnicity,Asian,2018,2024,7,165,0.4042857142857143,0.07807200583588265,0.31,0.53,2,0.48665388585754316
RACE,Race/ethnicity,Black or African American,1999,2024,26,2019,0.7480769230769231,0.12661814185239748,0.5,0.99,0,5.9548739124023005
RACE,Race/ethnicity,Hispanic or Latino,1999,2024,26,1583,0.7746153846153846,0.10304293354639196,0.56,1.01,0,4.6689278867423685
RACE,Race/ethnicity,White,1999,2024,26,30096,1.3015384615384615,0.18598262946183564,1.1,1.66,0,88.76566878041587
URBANIZATION,Urbanization,Metro,1999,2020,22,20569,1.1309090909090909,0.07897613207311076,1.05,1.36,0,80.45765695286525
URBANIZATION,Urbanization,Non Metro,1999,2020,22,4996,1.3131818181818182,0.22535445865265685,1,1.89,0,19.542343047134754
